Item,Item Count,Recommendation Count
WOODEN PICTURE FRAME WHITE FINISH,894,46
BALLOON WATER BOMB PACK OF 35,139,80
SET3 BOOK BOX GREEN GINGHAM FLOWER ,188,40
BLUE SPOT CERAMIC DRAWER KNOB,296,32
LOVE BUILDING BLOCK WORD,557,6
ALARM CLOCK BAKELIKE RED ,907,83
S/3 POT POURI CUSHIONS BLUE COLOURS,2,66
HAND WARMER OWL DESIGN,583,35
WHITE STITCHED CUSHION COVER,16,27
VICTORIAN SEWING BOX LARGE,124,51
PLACE SETTING WHITE HEART,294,133
CHARLIE & LOLA WASTEPAPER BIN FLORA,106,1
JAM JAR WITH GREEN LID,221,140
METAL SIGN HIS DINNER IS SERVED,91,47
Discount,65,65
DOTCOM POSTAGE,16,279
SET OF 3 COLOURED  FLYING DUCKS,46,23
CREAM CUPID HEARTS COAT HANGER,247,72
JUMBO BAG DOLLY GIRL DESIGN,319,10
JUMBO SHOPPER VINTAGE RED PAISLEY,801,209
WOODEN OWLS LIGHT GARLAND ,153,50
S/4 GROOVY CAT MAGNETS,18,4
EDWARDIAN PARASOL BLACK,296,48
METAL SIGN HER DINNER IS SERVED ,72,49
ASSTD DESIGN 3D PAPER STICKERS,32,15
ROSE CARAVAN DOORSTOP,129,34
PACK OF 72 RETROSPOT CAKE CASES,1041,504
VINTAGE RED MUG,42,89
HOT WATER BOTTLE TEA AND SYMPATHY,518,412
HOMEMADE JAM SCENTED CANDLES,526,52
EMPIRE DESIGN ROSETTE,26,262
3 TIER CAKE TIN RED AND CREAM,150,251
PACK OF 12 HEARTS DESIGN TISSUES ,354,521
WHITE SPOT RED CERAMIC DRAWER KNOB,314,361
JUMBO BAG PINK VINTAGE PAISLEY,614,242
FELTCRAFT CUSHION RABBIT,327,45
CHRISTMAS LIGHTS 10 REINDEER,273,740
PHOTO FRAME CORNICE,469,36
ASSORTED COLOURS SILK FAN,328,45
HEART FILIGREE DOVE  SMALL,249,14
RED WOOLLY HOTTIE WHITE HEART.,326,132
JAZZ HEARTS PURSE NOTEBOOK,244,23
PARTY CONES CANDY ASSORTED,75,30
Manual,412,4
"PAPER CRAFT , LITTLE BIRDIE",2,243
JAM MAKING SET PRINTED,880,112
MINI PAINT SET VINTAGE ,335,267
HAND TOWEL PALE BLUE W FLOWERS,18,18
LAVENDER INCENSE IN TIN,25,10
ANTIQUE SILVER TEA GLASS ENGRAVED,288,107
RED  HARMONICA IN BOX ,569,136
MEDIUM CERAMIC TOP STORAGE JAR,205,225
SET OF 6 GIRLS CELEBRATION CANDLES,67,162
CREAM SLICE FLANNEL CHOCOLATE SPOT ,34,12
CREAM SLICE FLANNEL PINK SPOT ,62,20
REX CASH+CARRY JUMBO SHOPPER,862,11
5 HOOK HANGER MAGIC TOADSTOOL,30,7
PACK 3 BOXES BIRD PANNETONE ,140,26
CANDLEHOLDER PINK HANGING HEART,348,141
VINTAGE HEADS AND TAILS CARD GAME ,488,58
"FEATHER PEN,COAL BLACK",114,35
SCENTED CANDLE IN DIGITALIS TIN,10,31
DOORMAT FANCY FONT HOME SWEET HOME,400,124
JUMBO BAG PINK POLKADOT,884,318
BAG 250g SWIRLY MARBLES,200,21
3 HOOK HANGER MAGIC GARDEN,102,7
72 SWEETHEART FAIRY CAKE CASES,505,51
PAPER CHAIN KIT 50'S CHRISTMAS ,990,164
LIPSTICK PEN FUSCHIA,121,12
CLOCK MAGNET MUM'S KITCHEN,40,21
VINTAGE SNAP CARDS,725,33
BOX/12 CHICK & EGG IN BASKET,40,27
PURPLE DRAWERKNOB ACRYLIC EDWARDIAN,147,11
FRIDGE MAGNETS US DINER ASSORTED,92,8
WHITE JEWELLED HEART DECORATION,110,156
SWIRLY CIRCULAR RUBBERS IN BAG,39,146
HOME BUILDING BLOCK WORD,700,11
RED DRAWER KNOB ACRYLIC EDWARDIAN,100,60
PINK DRAWER KNOB ACRYLIC EDWARDIAN,172,58
EGG CUP MILKMAID INGRID,42,40
WOOLLY HAT SOCK GLOVE ADVENT STRING,1,15
S/6 WOODEN SKITTLES IN COTTON BAG,177,6
12 PENCILS SMALL TUBE SKULL,294,102
PACK OF 60 PINK PAISLEY CAKE CASES,675,502
LUNCH BAG RED RETROSPOT,1329,413
BLUE CHECK BAG W HANDLE 34X20CM,6,64
SMALL MARSHMALLOWS PINK BOWL,289,16
ALARM CLOCK BAKELIKE PINK,629,79
CHINESE DRAGON PAPER LANTERNS,75,93
FELTCRAFT CHRISTMAS FAIRY,306,126
PLEASE ONE PERSON METAL SIGN,704,88
RING OF ROSES BIRTHDAY CARD,88,38
VICTORIAN SEWING BOX SMALL ,244,15
ROUND PURPLE CLOCK WITH SUCKER,24,19
6 RIBBONS ELEGANT CHRISTMAS ,121,132
IVORY KNITTED MUG COSY ,51,23
NECKLACE+BRACELET SET FRUIT SALAD ,12,31
3 TIER CAKE TIN GREEN AND CREAM,146,258
RED GLASS TASSLE BAG CHARM,5,289
METAL TUBE CHIME ON BAMBOO,13,89
MIRRORED WALL ART SKULLS,40,58
KINGS CHOICE MUG,116,40
MIRRORED WALL ART STARS,42,50
STAR DECORATION PAINTED ZINC ,118,155
ALARM CLOCK BAKELIKE GREEN,809,16
WHEELBARROW FOR CHILDREN ,71,144
RED GINGHAM ROSE JEWELLERY BOX,226,81
MINI PLAYING CARDS GYMKHANA,95,2
SET/10 PINK POLKADOT PARTY CANDLES,307,55
LUNCH BAG DOLLY GIRL DESIGN,605,158
VINTAGE SNAKES & LADDERS,268,118
ANTIQUE GLASS PEDESTAL BOWL,170,9
CERAMIC CHERRY CAKE MONEY BANK,192,114
6 RIBBONS RUSTIC CHARM,732,156
SILVER MUG BONE CHINA TREE OF LIFE,103,16
WOODEN BOX OF DOMINOES,451,22
PAPER POCKET TRAVELING FAN ,95,44
RIBBON REEL MAKING SNOWMEN ,154,35
3 HOOK PHOTO SHELF ANTIQUE WHITE,320,135
MODERN FLORAL STATIONERY SET,178,98
SET OF 20 VINTAGE CHRISTMAS NAPKINS,496,135
WHITE BAMBOO RIBS LAMPSHADE,48,29
DOG TOY WITH PINK CROCHET SKIRT,70,27
SKULLS  WATER TRANSFER TATTOOS ,113,24
5 HOOK HANGER RED MAGIC TOADSTOOL,111,11
MAGIC DRAWING SLATE DINOSAUR,136,24
DELUXE SEWING KIT ,236,15
GROW YOUR OWN BASIL IN ENAMEL MUG,170,87
CHILLI LIGHTS,525,92
TOADSTOOL MONEY BOX,145,30
AMBER CHUNKY GLASS+BEAD NECKLACE,6,26
FELTCRAFT DOLL MOLLY,298,109
WOODEN SCHOOL COLOURING SET,398,25
CAMOUFLAGE LED TORCH,123,7
GINGHAM HEART  DOORSTOP RED,186,41
PARTY CONES CARNIVAL ASSORTED,20,36
ANT SILVER LIME GREEN BOUDICCA RING,11,90
ANTIQUE TALL SWIRLGLASS TRINKET POT,143,103
WOOD BLACK BOARD ANT WHITE FINISH,615,59
METAL SIGN TAKE IT OR LEAVE IT ,354,38
SET OF 3 BLACK FLYING DUCKS,55,22
4 TRADITIONAL SPINNING TOPS,365,35
SMALL HANGING IVORY/RED WOOD BIRD,158,24
CAKE STAND VICTORIAN FILIGREE MED,19,46
SWISS ROLL TOWEL PINK  SPOTS,27,1
KEY CABINET MA CAMPAGNE,96,61
LANTERN CREAM GAZEBO ,286,54
BOOZE & WOMEN GREETING CARD ,34,23
TRIPLE PHOTO FRAME CORNICE ,225,48
RAINY LADIES BIRTHDAY CARD,130,74
NOVELTY BISCUITS CAKE STAND 3 TIER,155,28
ALARM CLOCK BAKELIKE ORANGE,376,46
MINI JIGSAW CIRCUS PARADE ,66,14
ASS COL LARGE SAND FROG P'WEIGHT,7,26
BOX OF VINTAGE ALPHABET BLOCKS,236,118
DOORMAT PEACE ON EARTH BLUE,27,84
WORLD WAR 2 GLIDERS ASSTD DESIGNS,477,41
GREEN REGENCY TEACUP AND SAUCER,733,15
ASSORTED CIRCULAR MOBILE,20,29
ZINC TOP  2 DOOR WOODEN SHELF ,11,33
HEAVENS SCENT FRAGRANCE OILS ASSTD,1,20
RED CHARLIE+LOLA PERSONAL DOORSIGN,104,102
HEART OF WICKER LARGE,817,26
5 STRAND GLASS NECKLACE CRYSTAL,8,27
REGENCY CAKESTAND 3 TIER,1884,169
HERB MARKER MINT,192,43
POSTAGE,1194,200
LUNCH BOX I LOVE LONDON,522,157
MONSTERS STENCIL CRAFT,190,9
BEADED PEARL HEART WHITE ON STICK,28,131
RIBBON REEL SNOWY VILLAGE,178,29
SMALL FOLDING SCISSOR(POINTED EDGE),70,9
TOY TIDY PINK POLKADOT,296,29
IF YOU CAN'T STAND THE HEAT MUG,92,36
BATHROOM METAL SIGN,388,37
STRIPY DESIGN SHOWER CAP,16,35
BLUE COAT RACK PARIS FASHION,138,32
DOLLY GIRL LUNCH BOX,625,39
PHOTO CUBE,169,18
PAINTED SEA SHELL METAL WINDCHIME,8,34
MA CAMPAGNE CUTLERY BOX,89,30
FAIRY TALE COTTAGE NIGHTLIGHT,70,34
36 PENCILS TUBE WOODLAND,146,13
ALARM CLOCK BAKELIKE CHOCOLATE,335,7
SKULLS SQUARE TISSUE BOX,38,7
SET OF 6 SOLDIER SKITTLES,341,10
FELT EGG COSY CHICKEN,92,8
BLUE CIRCLES DESIGN MONKEY DOLL,27,44
VANILLA SCENT CANDLE JEWELLED BOX,92,53
PHOTO CLIP LINE,31,13
GIN AND TONIC MUG,201,48
LARGE HANGING IVORY & RED WOOD BIRD,67,27
BLUE TRAVEL FIRST AID KIT,7,22
PACK OF 12 TRADITIONAL CRAYONS,320,34
COWBOYS AND INDIANS BIRTHDAY CARD ,203,10
ANTIQUE GLASS DRESSING TABLE POT,205,76
CERAMIC PLATE STRAWBERRY DESIGN,60,12
POTTING SHED SEED ENVELOPES,71,11
CUTE CATS TAPE,45,61
WOODEN BOX ADVENT CALENDAR ,13,5
FLOWER PURPLE CLOCK W/SUCKER,3,34
POPPY'S PLAYHOUSE BEDROOM ,319,9
PINK B'FLY C/COVER W BOBBLES,6,41
GIN + TONIC DIET METAL SIGN,662,42
REGENCY MIRROR WITH SHUTTERS,7,183
PIZZA PLATE IN BOX,73,27
CARD BILLBOARD FONT,334,75
UNION JACK FLAG LUGGAGE TAG,106,123
JUMBO BAG CHARLIE AND LOLA TOYS,109,101
JAZZ HEARTS ADDRESS BOOK,184,17
JAM JAR WITH PINK LID,267,110
SKULL SHOULDER BAG,144,137
HAPPY STENCIL CRAFT,253,16
SAVE THE PLANET MUG,281,96
WAKE UP COCKEREL CALENDAR SIGN ,24,15
BLUE/GREEN SHELL NECKLACE W PENDANT,1,17
FRENCH ENAMEL POT W LID,90,62
BLUE OWL SOFT TOY,100,3
JUMBO STORAGE BAG SUKI,791,66
ROSE COTTAGE KEEPSAKE BOX ,154,15
S/15 SILVER GLASS BAUBLES IN BAG,37,60
PICNIC BASKET WICKER LARGE,274,65
UTILTY CABINET WITH HOOKS,6,6
PANDA AND BUNNIES STICKER SHEET,57,26
PICTURE DOMINOES,244,9
DOORMAT RESPECTABLE HOUSE,127,30
SET 12 RETRO WHITE CHALK STICKS,249,122
CARAVAN SQUARE TISSUE BOX,123,27
SET OF 3 GOLD FLYING DUCKS,21,23
BIRTHDAY PARTY CORDON BARRIER TAPE,81,25
CLEAR DRAWER KNOB ACRYLIC EDWARDIAN,325,57
GLASS CLOCHE SMALL,125,16
WOOD STAMP SET BEST WISHES,142,46
FAMILY ALBUM WHITE PICTURE FRAME,302,9
MIRRORED DISCO BALL ,137,48
BOX OF 6 ASSORTED COLOUR TEASPOONS,75,4
COFFEE MUG CAT + BIRD DESIGN,192,8
PAIR PADDED HANGERS PINK CHECK,11,28
FIRST AID TIN,150,10
BIRD ON BRANCH CANVAS SCREEN,1,7
LIGHT GARLAND BUTTERFILES PINK,138,20
JUMBO BAG WOODLAND ANIMALS,501,14
MIDNIGHT GLAMOUR SCARF KNITTING KIT,53,4
"GREETING CARD,SQUARE, DOUGHNUTS",13,33
FROG SOCK PUPPET,8,3
AMETHYST HOOP EARRING FLORAL LEAF,3,5
SMALL CHINESE STYLE SCISSOR,54,5
BATH BUILDING BLOCK WORD,243,19
WOODEN ADVENT CALENDAR RED,107,12
12 DAISY PEGS IN WOOD BOX,62,27
SQUARECUSHION COVER PINK UNION FLAG,25,6
TABLE LAMP WHITE SHADE WOOD BASE,17,11
ROUND SNACK BOXES SET OF 4 SKULLS,167,10
SET 3 WICKER OVAL BASKETS W LIDS,32,98
ROUND SNACK BOXES SET OF 4 FRUITS ,473,20
"FANCY FONT BIRTHDAY CARD, ",251,23
TRADITIONAL WOODEN CATCH CUP GAME ,297,44
RED TOADSTOOL LED NIGHT LIGHT,533,26
BOUDOIR SQUARE TISSUE BOX,149,24
"RUSTIC WOODEN CABINET, GLASS DOORS",3,7
KENSINGTON COFFEE SET,30,70
MEDIUM CHINESE STYLE SCISSOR,24,9
INCENSE BAZAAR PEACH,1,5
NATURAL SLATE HEART CHALKBOARD ,984,89
PINK ROSE FABRIC MIRROR,25,7
DISCO BALL CHRISTMAS DECORATION,181,32
FRIDGE MAGNETS LES ENFANTS ASSORTED,81,16
PAISLEY PATTERN  STICKERS,16,13
DOORMAT AIRMAIL ,159,195
FELTCRAFT CUSHION OWL,424,1
SET OF 2 TINS JARDIN DE PROVENCE,85,187
STRAWBERRY CERAMIC TRINKET BOX,559,38
MINI HIGHLIGHTER PENS,4,9
GREEN GIANT GARDEN THERMOMETER,136,28
PACK OF 6 BIRDY GIFT TAGS,322,57
MULTICOLOUR  CONFETTI IN TUBE,14,12
SMALL STRIPES CHOCOLATE GIFT BAG ,26,30
SALLE DE BAIN HOOK,62,26
WOOD AND GLASS MEDICINE CABINET,10,21
SMALL LICORICE DES PINK BOWL,35,13
FOLDING UMBRELLA PINKWHITE POLKADOT,31,76
MILK BOTTLE WITH GLASS STOPPER ,15,60
SMALL TAHITI BEACH BAG,1,29
ALARM CLOCK BAKELIKE IVORY,480,17
ASSORTED COLOUR BIRD ORNAMENT,1385,5
BLUE ORGANDY ROUND LAMPSHADE W BEA,4,14
CARD BIRTHDAY COWBOY,156,22
GUMBALL MONOCHROME COAT RACK,38,20
LUNCH BAG  BLACK SKULL.,1073,169
FELT FARM ANIMAL WHITE BUNNY ,40,64
LA PALMIERA WALL THERMOMETER,10,6
KINGS CHOICE GIANT TUBE MATCHES,68,3
ROSES REGENCY TEACUP AND SAUCER ,836,24
LOVELY BONBON STICKER SHEET,34,21
RETRO MOD TRAY,113,6
HAND OVER THE CHOCOLATE   SIGN ,593,7
PINK DOUGHNUT TRINKET POT ,178,19
CARD PSYCHEDELIC APPLES,113,10
SUMMER FUN DESIGN SHOWER CAP,19,24
GARDEN PATH JOURNAL,47,22
RUSTIC  SEVENTEEN DRAWER SIDEBOARD,29,62
VINTAGE BILLBOARD LOVE/HATE MUG,128,65
DOORMAT HEARTS,482,32
STRAWBERRY CHARLOTTE BAG,504,10
SPACEBOY LUNCH BOX ,712,38
PARTY INVITES FOOTBALL,52,14
CERAMIC STRAWBERRY CAKE MONEY BANK,288,37
BLUE DRAWER KNOB ACRYLIC EDWARDIAN,124,14
HAWAIIAN GRASS SKIRT ,25,8
PENS ASSORTED FUNNY FACE,171,13
NAMASTE SWAGAT INCENSE,47,6
ROUND SNACK BOXES SET OF4 WOODLAND ,612,13
REGENCY SUGAR TONGS,136,9
CHILDRENS GARDEN GLOVES BLUE,65,31
RETRO COFFEE MUGS ASSORTED,118,7
POLYESTER FILLER PAD 30CMx30CM,26,11
FRAPPUCINO SCARF KNITTING KIT,48,5
POPPY'S PLAYHOUSE KITCHEN,349,20
BUNDLE OF 3 SCHOOL EXERCISE BOOKS  ,181,9
DIAMANTE BOW BROOCH RED COLOUR,10,7
"RETRO PILL BOX KEY CHAIN,THE KING",14,11
BLUE DRAGONFLY HELICOPTER,35,3
HEART IVORY TRELLIS SMALL,221,13
BLACK DIAMANTE EXPANDABLE RING,8,28
GROOVY CACTUS INFLATABLE,21,7
GLASS JAR DIGESTIVE BISCUITS,109,30
BLACK+WHITE NECKLACE W TASSEL,5,19
LILY BROOCH OLIVE COLOUR,6,2
ICON MUG REVOLUTIONARY,79,6
SMALL SQUARE CUT GLASS CANDLESTICK,20,8
DIAMANTE HAIR GRIP PACK/2 MONTANA,4,1
GLAMOROUS  MUG,121,3
JUMBO  BAG BAROQUE BLACK WHITE,663,113
PLASTERS IN TIN CIRCUS PARADE ,531,7
FELT EGG COSY BLUE RABBIT ,48,16
SMALL GLASS HEART TRINKET POT,382,14
GARDENERS KNEELING PAD KEEP CALM ,767,8
PINK CREAM FELT CRAFT TRINKET BOX ,537,36
WRAP COWBOYS  ,70,38
YOU'RE CONFUSING ME METAL SIGN ,347,34
HEART OF WICKER SMALL,972,13
SOMBRERO ,59,6
ASSORTED TUTTI FRUTTI MIRROR,32,6
NATURAL SLATE RECTANGLE CHALKBOARD,318,96
TOAST ITS - BEST MUM,68,4
SET OF 6 FUNKY BEAKERS,51,67
TRADITIONAL WOODEN SKIPPING ROPE,345,12
OWL DOORSTOP,117,8
ENAMEL FLOWER JUG CREAM,453,21
BOX OF 24 COCKTAIL PARASOLS,366,45
FAIRY CAKE FLANNEL ASSORTED COLOUR,195,18
VINTAGE KEEPSAKE BOX PARIS DAYS,6,23
RAINBOW PEGS PHOTO CLIP STRING,24,8
GREY ACRYLIC FACETED BANGLE,3,11
CHOCOLATE CALCULATOR,115,14
 OVAL WALL MIRROR DIAMANTE ,62,15
MINI FUNKY DESIGN TAPES,61,58
12 MESSAGE CARDS WITH ENVELOPES,187,4
"LETTER ""V"" BLING KEY RING",3,13
3 STRIPEY MICE FELTCRAFT,406,23
UNION STRIPE WITH FRINGE  HAMMOCK,167,18
ROUND BLUE CLOCK WITH SUCKER,10,11
KIDS RAIN MAC BLUE,69,3
ICON PLACEMAT POP ART ELVIS,28,7
DOLLCRAFT GIRL AMELIE KIT,8,25
BLACK/BLUE POLKADOT UMBRELLA,257,40
DECORATIVE PLANT POT WITH FRIEZE,26,38
BLOND DOLL DOORSTOP,14,1
CHARLOTTE BAG DOLLY GIRL DESIGN,347,12
YELLOW BREAKFAST CUP AND SAUCER,14,16
BULL DOG BOTTLE OPENER,201,10
GUMBALL MAGAZINE RACK,173,15
BROCADE RING PURSE ,209,31
VICTORIAN  METAL POSTCARD SPRING,164,13
IVORY DINER WALL CLOCK,407,21
CHARLIE+LOLA MY ROOM DOOR SIGN,64,4
PSYCHEDELIC WALL THERMOMETER,14,11
CORONA MEXICAN TRAY,18,7
DOUGHNUT LIP GLOSS ,311,15
WRAP BLUE RUSSIAN FOLKART,1,40
BLUE ROSE FABRIC MIRROR,38,6
DOORMAT SPOTTY HOME SWEET HOME,408,92
ESSENTIAL BALM 3.5g TIN IN ENVELOPE,17,11
BAG 500g SWIRLY MARBLES,113,20
COOK WITH WINE METAL SIGN ,613,22
HI TEC ALPINE HAND WARMER,54,6
GENTLEMAN SHIRT REPAIR KIT ,94,11
GOLD MUG BONE CHINA TREE OF LIFE,66,17
GIRLY PINK TOOL SET,1,6
GUMBALL COAT RACK,599,10
COSY HOUR GIANT TUBE MATCHES,26,3
TOAST ITS - I LOVE YOU ,107,5
YELLOW COAT RACK PARIS FASHION,92,39
ASS COL SMALL SAND GECKO P'WEIGHT,9,18
POLYESTER FILLER PAD 40x40cm,185,12
SANDALWOOD FAN,73,1
REVOLVER WOODEN RULER ,292,3
S/4 VALENTINE DECOUPAGE HEART BOX,92,13
FAMILY PHOTO FRAME CORNICE,258,26
ASSTD COL BUTTERFLY/CRYSTAL W/CHIME,9,19
PARTY TIME PENCIL ERASERS,78,36
EDWARDIAN PARASOL NATURAL,384,10
BAG 125g SWIRLY MARBLES,248,18
"LETTER ""M"" BLING KEY RING",5,5
ZINC FINISH 15CM PLANTER POTS,49,8
STARS GIFT TAPE ,94,53
SLATE TILE NATURAL HANGING,126,14
GREEN DRAWER KNOB ACRYLIC EDWARDIAN,145,6
MINI JIGSAW DINOSAUR ,51,3
LARGE CHINESE STYLE SCISSOR,65,8
POPPY'S PLAYHOUSE LIVINGROOM ,254,12
"RETRO PILL BOX , REVOLUTIONARY",10,3
ZINC WILLIE WINKIE  CANDLE STICK,189,5
GARLAND WOODEN HAPPY EASTER,168,13
"LETTER ""S"" BLING KEY RING",6,9
STAR PORTABLE TABLE LIGHT ,33,26
NEWSPAPER STAND,3,5
FANCY FONTS BIRTHDAY WRAP,230,12
FELT EGG COSY WHITE RABBIT ,71,3
FELT EGG COSY LADYBIRD ,19,5
DOORMAT NEIGHBOURHOOD WITCH ,72,1
SILVER/NATURAL SHELL NECKLACE,4,9
RECYCLED PENCIL WITH RABBIT ERASER,81,27
FREESTYLE CANVAS ART PICTURE,18,12
TRAVEL SEWING KIT,399,4
SLEEPING CAT ERASERS,163,31
MIRRORED WALL ART GENTS,35,3
DOG BOWL CHASING BALL DESIGN,116,15
CUBIC MUG FLOCK BLUE ON BROWN,17,9
DIAMANTE HAIR GRIP PACK/2 BLACK DIA,4,2
SMALL CAMPHOR WOOD FIELD  MUSHROOM,19,3
ASSORTED BOTTLE TOP  MAGNETS ,136,13
POLKADOT PEN,107,3
LITTLE GREEN MONSTER SOFT TOY,9,2
SET 6 FOOTBALL CELEBRATION CANDLES,69,8
PANTRY SCRUBBING BRUSH,248,25
TOYBOX  WRAP ,24,20
SPOTS ON RED BOOKCOVER TAPE,5,3
"RETRO TIN ASHTRAY,REVOLUTIONARY",4,5
JIGSAW RABBIT AND BIRDHOUSE,81,3
12 PENCILS TALL TUBE SKULLS,218,10
CRYSTAL FROG PHONE CHARM,11,4
PLASMATRONIC LAMP,13,2
FLOWERS  STICKERS,32,10
PINK MARSHMALLOW SCARF KNITTING KIT,1,5
3D DOG PICTURE PLAYING CARDS,60,4
TEA FOR ONE POLKADOT,121,1
ALPHABET STENCIL CRAFT,166,32
PINK FLOWER FABRIC PONY,26,3
LIPSTICK PEN RED,158,11
WALL MIRROR RECTANGLE DIAMANTE PINK,18,14
RETRO PLASTIC ELEPHANT TRAY,78,8
HEADS AND TAILS SPORTING FUN,179,4
ARMY CAMO BOOKCOVER TAPE,4,1
KEY RING BASEBALL BOOT ASSORTED ,84,9
MAKE YOUR OWN FLOWERPOWER CARD KIT,149,4
IVORY EMBROIDERED QUILT ,25,7
BOOM BOX SPEAKER GIRLS,40,6
DOORMAT KEEP CALM AND COME IN,655,16
RED COAT RACK PARIS FASHION,97,1
VANILLA INCENSE 40 CONES IN TIN,12,5
LA PALMIERA TILE COASTER,31,2
ADVENT CALENDAR GINGHAM SACK,170,2
SMALL POPCORN HOLDER,417,13
CARRIAGE,134,13
DOORMAT NEW ENGLAND,533,3
MINI JIGSAW SPACEBOY,125,3
PAINTED LIGHTBULB STAR+ MOON,15,5
RETROSPOT LARGE MILK JUG,321,19
KIDS RAIN MAC PINK,69,6
MAKE YOUR OWN MONSOON CARD KIT,148,4
FOLDING CAMPING SCISSOR W/KNIF & S,3,2
BOX OF VINTAGE JIGSAW BLOCKS ,224,1
"RETRO ""TEA FOR ONE"" ",11,1
"TUMBLER, BAROQUE",5,4
POLYESTER FILLER PAD 45x45cm,134,8
CAMOUFLAGE DESIGN TEDDY,36,2
RAIN PONCHO ,4,1
COLOURING PENCILS BROWN TUBE,220,14
CAMPHOR WOOD PORTOBELLO MUSHROOM,23,1
VINTAGE BELLS GARLAND,127,2
S/12 MINI RABBIT EASTER,58,1
COFFEE MUG DOG + BALL DESIGN,148,3
MIRRORED WALL ART FOXY,8,3
SAVE THE PLANET COTTON TOTE BAG,118,1
ASSORTED TUTTI FRUTTI PEN,96,6
YULETIDE IMAGES GIFT WRAP SET,59,4
CHRYSANTHEMUM SKETCHBOOK ,51,1
VINTAGE BILLBOARD DRINK ME MUG,108,3
LITTLE PINK MONSTER SOFT TOY,7,4
LILY BROOCH AMETHYST COLOUR,8,5
RETRO LONGBOARD IRONING BOARD COVER,46,11
DIAMANTE HAIR GRIP PACK/2 RUBY,4,2
TOOL BOX SOFT TOY ,83,1
BUBBLEGUM RING ASSORTED,213,4
DO NOT TOUCH MY STUFF DOOR HANGER ,111,1
NUMBER TILE COTTAGE GARDEN No,12,1
CHAMBRE HOOK,18,3
EUCALYPTUS & PINECONE  WREATH,39,5
TOOTHPASTE TUBE PEN,73,1
CONGRATULATIONS BUNTING,3,4
MAKE YOUR OWN PLAYTIME CARD KIT,89,2
SEWING SUSAN 21 NEEDLE SET,76,2
GROW A FLYTRAP OR SUNFLOWER IN TIN,241,4
HOLIDAY FUN LUDO,178,1
POLYESTER FILLER PAD 45x30cm,37,2
DIAMANTE BOW BROOCH BLACK COLOUR,4,1
"SWISS ROLL TOWEL, CHOCOLATE  SPOTS",50,1
CARD MOTORBIKE SANTA,176,2
PINK PAINTED KASHMIRI CHAIR,1,1
SET/5 RED RETROSPOT LID GLASS BOWLS,797,1
FELTCRAFT CUSHION BUTTERFLY,297,2
INFLATABLE POLITICAL GLOBE ,49,1
